month,date,vol,vol_unadj,credit_score_group
84,2007-01,25447776940.09066,22610679958.58587,Super-prime
84,2007-01,2566262126.585207,2139431090.40404,Near-prime
84,2007-01,468097388.1982232,405278907.070707,Deep subprime
84,2007-01,8426959622.844984,7433527367.676767,Prime
84,2007-01,844549645.7389047,736938927.7777778,Subprime
85,2007-02,2436459461.921006,1961024501.515152,Near-prime
85,2007-02,28986104667.66921,25083224440.90909,Super-prime
85,2007-02,467190476.9580575,394154492.9292931,Deep subprime
85,2007-02,782290548.3942395,641358247.4747474,Subprime
85,2007-02,8324087579.407716,7269027633.333334,Prime
86,2007-03,2365735144.521876,2286670587.878788,Near-prime
86,2007-03,26068277136.78358,25202026299.49496,Super-prime
86,2007-03,471007444.4401569,469571332.8282831,Deep subprime
86,2007-03,8290564671.216548,8084664958.585855,Prime
86,2007-03,833264110.5078892,822309008.5858585,Subprime
87,2007-04,2406377393.99633,2335198938.383839,Near-prime
87,2007-04,25311880508.88628,24985670964.64646,Super-prime
87,2007-04,469060113.9560664,428783613.6363637,Deep subprime
87,2007-04,7922397207.290531,7950261859.595961,Prime
87,2007-04,820232325.7292224,766621245.9595959,Subprime
88,2007-05,23174807365.03408,23448741444.94949,Super-prime
88,2007-05,2356326743.262595,2376318119.191918,Near-prime
88,2007-05,479631891.3611107,490326885.8585858,Deep subprime
88,2007-05,7667312114.578259,7822446744.949494,Prime
88,2007-05,829809441.0965607,832050534.8484846,Subprime
89,2007-06,2254917966.514823,2344531158.585858,Near-prime
89,2007-06,22677364119.69545,22998769347.9798,Super-prime
89,2007-06,512719911.8260889,505758275.2525255,Deep subprime
89,2007-06,7491321646.836806,7732636319.696973,Prime
89,2007-06,819195096.2223672,839465989.393939,Subprime
90,2007-07,22973159355.018,24602593478.78788,Super-prime
90,2007-07,2321555684.073201,2391879864.141413,Near-prime
90,2007-07,465032307.8617105,440096316.6666668,Deep subprime
90,2007-07,7647784367.070225,8261764220.707072,Prime
90,2007-07,821750386.8076215,814944086.8686867,Subprime
91,2007-08,2224753911.753153,2455849868.181818,Near-prime
91,2007-08,23393248592.27644,24760406635.35354,Super-prime
91,2007-08,437365764.2548991,489378080.808081,Deep subprime
91,2007-08,7825724612.553254,8292068531.313128,Prime
91,2007-08,791081764.6849607,851517118.6868688,Subprime
92,2007-09,2061376403.935973,2213625743.939393,Near-prime
92,2007-09,23546768295.68066,23307370854.04041,Super-prime
92,2007-09,383633538.1982895,393923096.4646465,Deep subprime
92,2007-09,715242139.9783367,749144171.7171715,Subprime
92,2007-09,7706902633.471666,7584712024.747472,Prime
93,2007-10,2019732296.938045,2226549747.979797,Near-prime
93,2007-10,25151775256.00871,26560220420.20203,Super-prime
93,2007-10,352039829.4898996,383545355.5555556,Deep subprime
93,2007-10,684345823.1637051,744124533.3333337,Subprime
93,2007-10,7642692872.105648,8114490076.262625,Prime
94,2007-11,1962853930.397886,2137175073.737373,Near-prime
94,2007-11,23624863757.94478,25378836281.81819,Super-prime
94,2007-11,337625152.9032629,366921929.2929294,Deep subprime
94,2007-11,637044982.016381,720880726.2626258,Subprime
94,2007-11,7160038055.176864,7541721252.020203,Prime
95,2007-12,1953336538.929221,1902226588.888889,Near-prime
95,2007-12,24415264202.53983,24715795829.798,Super-prime
95,2007-12,306323405.8039346,336380348.989899,Deep subprime
95,2007-12,614894885.3495425,627704626.7676773,Subprime
95,2007-12,7197622330.515671,7008842780.303031,Prime
96,2008-01,2001465766.694707,1668061442.424242,Near-prime
96,2008-01,23926901115.68828,21352051749.49497,Super-prime
96,2008-01,318938882.5004898,276956044.9494949,Deep subprime
96,2008-01,627575198.2776045,547247460.6060605,Subprime
96,2008-01,7457270153.355684,6575111596.464645,Prime
97,2008-02,1961702261.821629,1587116811.616161,Near-prime
97,2008-02,23407674734.11238,20283648808.0808,Super-prime
97,2008-02,325754398.9706464,275270118.1818182,Deep subprime
97,2008-02,618788881.9505868,508336097.4747476,Subprime
97,2008-02,7181805473.801875,6279047733.333334,Prime
98,2008-03,1734521614.516847,1686428187.373736,Near-prime
98,2008-03,22466255684.7677,21895843242.42424,Super-prime
98,2008-03,289152773.8518099,291240961.6161617,Deep subprime
98,2008-03,554882462.4353777,552921441.4141414,Subprime
98,2008-03,6652344696.933696,6506029561.111112,Prime
99,2008-04,1669105993.776611,1619359038.383839,Near-prime
99,2008-04,22582779088.54569,22293035524.74747,Super-prime
99,2008-04,294744188.9467859,268070135.3535353,Deep subprime
99,2008-04,524595213.9470063,490523706.5656566,Subprime
99,2008-04,6168833245.669265,6197428938.383837,Prime
100,2008-05,1560402311.786226,1575276492.424242,Near-prime
100,2008-05,22023007061.77501,22269467990.40405,Super-prime
100,2008-05,271688627.431231,275463277.7777776,Deep subprime
100,2008-05,488013403.7688052,487738379.2929292,Subprime
100,2008-05,5917081147.345817,6046209271.717174,Prime
101,2008-06,1462721437.48526,1517638065.656566,Near-prime
101,2008-06,231539381.7049678,229932525.7575759,Deep subprime
101,2008-06,24072894068.71961,24244343829.29294,Super-prime
101,2008-06,466232423.1990876,478221314.6464647,Subprime
101,2008-06,5800280306.462503,5961217036.868688,Prime
102,2008-07,1388549193.220536,1423455175.757576,Near-prime
102,2008-07,212583819.7344569,201391714.1414142,Deep subprime
102,2008-07,30867855488.37933,32942794923.73739,Super-prime
102,2008-07,399060294.5978077,394611827.2727275,Subprime
102,2008-07,5465827472.600056,5878537224.747473,Prime
103,2008-08,1229243671.231125,1353553573.737374,Near-prime
103,2008-08,194798710.8538332,217048355.5555556,Deep subprime
103,2008-08,21787817713.04076,22992563868.68687,Super-prime
103,2008-08,386509095.6662335,414955845.959596,Subprime
103,2008-08,4913506879.231264,5210142906.565655,Prime
104,2008-09,1172047238.410454,1255139602.525253,Near-prime
104,2008-09,21240012930.11775,20919044489.899,Super-prime
104,2008-09,212700903.4577944,218497177.2727273,Deep subprime
104,2008-09,405957644.9638506,424222730.3030303,Subprime
104,2008-09,5055778154.109523,4973934843.939391,Prime
105,2008-10,1020885170.008398,1118908189.39394,Near-prime
105,2008-10,180895839.5806652,195407859.0909091,Deep subprime
105,2008-10,18750749174.57712,19740625970.20202,Super-prime
105,2008-10,336995555.7409603,363253059.0909091,Subprime
105,2008-10,4195458115.84441,4436990029.797981,Prime
106,2008-11,157167935.3471176,171382196.4646465,Deep subprime
106,2008-11,17047876987.12556,18382919978.28284,Super-prime
106,2008-11,266867425.902066,302677521.2121212,Subprime
106,2008-11,3692461835.753787,3902524392.424242,Prime
106,2008-11,863119293.2032883,942557318.6868691,Near-prime
107,2008-12,145416580.5638984,158935210.10101,Deep subprime
107,2008-12,15439449097.92806,15743799783.33333,Super-prime
107,2008-12,236197676.6404157,241459907.0707071,Subprime
107,2008-12,3119198109.158428,3042716197.979798,Prime
107,2008-12,699353959.5297623,682007957.5757579,Near-prime
108,2009-01,124341104.1520578,108284351.5151515,Deep subprime
108,2009-01,14472082622.98282,12988136977.27273,Super-prime
108,2009-01,192695479.074708,167741385.3535353,Subprime
108,2009-01,2894701033.249821,2558575959.595959,Prime
108,2009-01,635821550.2961583,530869750.0000002,Near-prime
109,2009-02,109129534.8836772,92732357.57575756,Deep subprime
109,2009-02,13848164609.11661,12028080145.95959,Super-prime
109,2009-02,183459999.7956961,152227064.1414141,Subprime
109,2009-02,2643159114.3508,2320665933.333333,Prime
109,2009-02,551860016.0854665,451972661.1111111,Near-prime
110,2009-03,101853174.7685935,104272997.979798,Deep subprime
110,2009-03,13426309677.85681,13252640675.25252,Super-prime
110,2009-03,159435979.1958476,161262038.8888889,Subprime
110,2009-03,2477768560.763663,2433714724.747475,Prime
110,2009-03,525085004.0148179,516524195.4545454,Near-prime
111,2009-04,13024197917.31969,12845540251.51516,Super-prime
111,2009-04,163674689.0424512,152961366.6666666,Subprime
111,2009-04,2419465051.924419,2429302291.414143,Prime
111,2009-04,474002867.1813415,458388491.4141412,Near-prime
111,2009-04,99615817.94966419,90283599.49494952,Deep subprime
112,2009-05,12722902701.23785,12862442357.57576,Super-prime
112,2009-05,149539252.7040766,149252012.1212121,Subprime
112,2009-05,2320561269.370428,2377477793.434342,Prime
112,2009-05,502655708.952606,508419911.1111109,Near-prime
112,2009-05,95298478.86252287,95828031.3131313,Deep subprime
113,2009-06,112193920.0973245,115148400,Subprime
113,2009-06,12148105638.0285,12114875313.13131,Super-prime
113,2009-06,2177552811.685335,2224578183.333333,Prime
113,2009-06,427621436.3101149,443162745.4545455,Near-prime
113,2009-06,86748266.33760484,87315207.57575756,Deep subprime
114,2009-07,11317694905.50434,11979697149.49495,Super-prime
114,2009-07,130249131.0503441,127862814.6464646,Subprime
114,2009-07,2015961731.578785,2150360956.060606,Prime
114,2009-07,385563785.7012617,390801111.1111112,Near-prime
114,2009-07,86991150.32775854,82045573.2323232,Deep subprime
115,2009-08,11184796083.51245,11715875764.64646,Super-prime
115,2009-08,124674927.7056722,133124829.7979798,Subprime
115,2009-08,1920644778.541027,2035147151.010101,Prime
115,2009-08,391356082.4046592,427212805.0505052,Near-prime
115,2009-08,95276467.54391354,105038223.2323232,Deep subprime
116,2009-09,11131652016.14116,10887462326.26262,Super-prime
116,2009-09,112069762.4288806,116443009.0909091,Subprime
116,2009-09,1906293506.966204,1870914481.313131,Prime
116,2009-09,384370120.5838162,409494495.9595959,Near-prime
116,2009-09,74978309.63933557,76853015.15151511,Deep subprime
117,2009-10,107550269.719856,114633779.7979797,Deep subprime
117,2009-10,11374425571.22757,11910869053.0303,Super-prime
117,2009-10,156562582.684184,166115843.9393939,Subprime
117,2009-10,1928168812.635851,2026000186.868687,Prime
117,2009-10,416560762.5858,452532634.8484848,Near-prime
118,2009-11,11338212232.97462,12300074937.8788,Super-prime
118,2009-11,153510864.598524,175096644.4444444,Subprime
118,2009-11,1982162690.88868,2110802993.939393,Prime
118,2009-11,415662582.2002476,457233411.6161616,Near-prime
118,2009-11,91233537.72896726,100012971.2121212,Deep subprime
119,2009-12,11067570637.23324,11390115576.26262,Super-prime
119,2009-12,158287274.4669201,162841542.9292929,Subprime
119,2009-12,2126743073.098965,2083696229.79798,Prime
119,2009-12,477908563.9431359,468346655.050505,Near-prime
119,2009-12,99766683.35099328,108989681.8181818,Deep subprime
120,2010-01,12015031288.16266,10885749736.36364,Super-prime
120,2010-01,160180766.5869005,139404292.4242424,Subprime
120,2010-01,1993877995.777233,1772629587.878788,Prime
120,2010-01,411890353.201179,346188411.111111,Near-prime
120,2010-01,97549450.18636087,84962297.97979799,Deep subprime
121,2010-02,11173782468.82224,9786187014.141411,Super-prime
121,2010-02,146251155.1932987,123002481.8181818,Subprime
121,2010-02,1763718504.632608,1554003143.434344,Prime
121,2010-02,404796328.3074992,336333707.070707,Near-prime
121,2010-02,78386262.51097222,66898413.63636365,Deep subprime
122,2010-03,11799880188.19138,11832529637.37374,Super-prime
122,2010-03,164279448.2238241,168757518.6868686,Subprime
122,2010-03,1982382540.581872,1957036545.454544,Prime
122,2010-03,437336218.5102084,436552518.1818182,Near-prime
122,2010-03,98132796.362593,102501826.7676768,Deep subprime
123,2010-04,11969107146.27242,11809142469.69696,Super-prime
123,2010-04,168639575.8752612,157360824.7474747,Subprime
123,2010-04,2076358746.653198,2084827986.868686,Prime
123,2010-04,458125991.166634,441100938.8888888,Near-prime
123,2010-04,93950475.33401357,84949039.89898987,Deep subprime
124,2010-05,11677823439.98001,11766680380.80808,Super-prime
124,2010-05,169796276.3520916,169751060.1010101,Subprime
124,2010-05,1955804540.843725,2009077322.222221,Prime
124,2010-05,426992615.5430081,432776074.7474747,Near-prime
124,2010-05,96616415.86342208,96417158.0808081,Deep subprime
125,2010-06,105436685.7440617,108218420.7070707,Deep subprime
125,2010-06,11512913206.54684,11323005738.38384,Super-prime
125,2010-06,177620814.5926729,182336657.070707,Subprime
125,2010-06,2050317629.625915,2075810637.373738,Prime
125,2010-06,455935190.9871189,471013153.5353534,Near-prime
126,2010-07,12106332860.88459,12648494661.11111,Super-prime
126,2010-07,121743511.4161877,114569708.080808,Deep subprime
126,2010-07,2130093169.009927,2250083745.454546,Prime
126,2010-07,216787315.5633657,210732058.5858584,Subprime
126,2010-07,472028529.7577534,472106911.6161619,Near-prime
127,2010-08,112000033.8970915,122247189.3939394,Deep subprime
127,2010-08,12358013148.39432,12834164216.66667,Super-prime
127,2010-08,195033792.5174125,206584266.6666666,Subprime
127,2010-08,2180206593.148932,2305113277.777778,Prime
127,2010-08,482995984.8730837,522155265.1515151,Near-prime
128,2010-09,12224438550.99722,11870535723.73737,Super-prime
128,2010-09,128553900.7924946,131140148.989899,Deep subprime
128,2010-09,211886414.9220829,218966234.3434343,Subprime
128,2010-09,2201774688.702004,2160702908.080809,Prime
128,2010-09,517636994.5081033,545957966.1616164,Near-prime
129,2010-10,12905202097.99086,13446396065.65657,Super-prime
129,2010-10,136072224.784829,142068815.1515151,Deep subprime
129,2010-10,208331485.3574805,216871705.5555555,Subprime
129,2010-10,2284548290.023964,2382104000.505051,Prime
129,2010-10,512849682.3724234,551329856.5656568,Near-prime
130,2010-11,136848687.5317767,150008013.6363636,Deep subprime
130,2010-11,13784113886.49558,15051069402.0202,Super-prime
130,2010-11,220455127.1421061,252603118.6868685,Subprime
130,2010-11,2407878932.187251,2577652690.404041,Prime
130,2010-11,549868896.9113367,609608595.4545459,Near-prime
131,2010-12,140943998.3641796,153400943.4343433,Deep subprime
131,2010-12,14260531681.3175,14823783824.24242,Super-prime
131,2010-12,225268269.9929989,234537291.4141413,Subprime
131,2010-12,2554072666.438468,2517050758.080809,Prime
131,2010-12,572214237.668932,565919079.2929295,Near-prime
132,2011-01,13690479817.59604,12606456144.94949,Super-prime
132,2011-01,147902173.2972614,128579182.3232323,Deep subprime
132,2011-01,232584315.5104112,202107977.7777777,Subprime
132,2011-01,2421044055.218058,2177697609.09091,Prime
132,2011-01,581212658.0633657,494096947.4747474,Near-prime
133,2011-02,14237196308.99568,12572064865.15151,Super-prime
133,2011-02,147380025.8157824,127249868.6868687,Deep subprime
133,2011-02,239251792.7250744,203948327.7777777,Subprime
133,2011-02,2566950099.891054,2267838965.151515,Prime
133,2011-02,622214269.4698322,524139727.2727274,Near-prime
134,2011-03,14761983346.8723,14949420913.13132,Super-prime
134,2011-03,153405801.7654859,163592485.8585858,Deep subprime
134,2011-03,259033437.3322572,270142373.2323233,Subprime
134,2011-03,2804269335.755507,2778203541.919193,Prime
134,2011-03,672880886.877448,680686051.0101013,Near-prime
135,2011-04,13767314469.1007,13619828577.77778,Super-prime
135,2011-04,145001099.7527849,130945221.7171717,Deep subprime
135,2011-04,248401962.607057,231229428.7878787,Subprime
135,2011-04,2532365004.123696,2548632361.616162,Prime
135,2011-04,597860581.8246865,574269406.0606065,Near-prime
136,2011-05,141075867.458575,140576696.4646464,Deep subprime
136,2011-05,14609629302.69004,14662914183.83839,Super-prime
136,2011-05,239312958.5256118,239374863.6363636,Subprime
136,2011-05,2832763334.186386,2904106701.0101,Prime
136,2011-05,664602115.7553639,672441795.9595959,Near-prime
137,2011-06,14663916107.22877,14208038605.05051,Super-prime
137,2011-06,149174582.7850687,156589599.9999999,Deep subprime
137,2011-06,254983073.7116434,261897610.6060606,Subprime
137,2011-06,2720221344.188925,2728776357.070706,Prime
137,2011-06,644061816.3443164,663261036.8686869,Near-prime
138,2011-07,13841557459.60827,14346099267.67677,Super-prime
138,2011-07,144674622.1052254,136881667.1717171,Deep subprime
138,2011-07,247286795.8900253,238773826.7676767,Subprime
138,2011-07,2741412009.345029,2882667022.222221,Prime
138,2011-07,655871327.1501364,652179007.5757579,Near-prime
139,2011-08,152681379.9937675,163487857.070707,Deep subprime
139,2011-08,15454679549.97157,15923839826.26263,Super-prime
139,2011-08,258804355.5185302,271984822.7272726,Subprime
139,2011-08,3032384454.341593,3195390362.121212,Prime
139,2011-08,696435861.1358638,742734576.2626263,Near-prime
140,2011-09,147783637.5681991,149765052.5252524,Deep subprime
140,2011-09,16797186699.5306,16204708332.32323,Super-prime
140,2011-09,251560245.5010125,259564336.3636363,Subprime
140,2011-09,2959437643.937901,2900779609.090909,Prime
140,2011-09,678762525.508918,709207629.2929293,Near-prime
141,2011-10,137445844.5204177,140769005.5555556,Deep subprime
141,2011-10,15679694088.41099,16200808033.83839,Super-prime
141,2011-10,253600670.6451838,259409622.2222223,Subprime
141,2011-10,2876685056.368347,2976111391.919192,Prime
141,2011-10,683044209.2960606,723563368.1818182,Near-prime
142,2011-11,154751449.6522529,168178002.020202,Deep subprime
142,2011-11,15694077123.95222,17196116752.52525,Super-prime
142,2011-11,263055331.8540012,300180238.3838382,Subprime
142,2011-11,2912081873.328757,3122705543.434343,Prime
142,2011-11,692039960.073649,771086212.6262627,Near-prime
143,2011-12,135607803.8262588,147017647.9797979,Deep subprime
143,2011-12,15818630575.59589,16605707155.55555,Super-prime
143,2011-12,257302220.525466,271908394.949495,Subprime
143,2011-12,2768078516.603334,2754794687.878788,Prime
143,2011-12,684981283.733281,686723454.0404038,Near-prime
144,2012-01,14624685114.94238,13697406787.37374,Super-prime
144,2012-01,148942914.1330646,129075895.9595959,Deep subprime
144,2012-01,271326481.026616,235874023.7373736,Subprime
144,2012-01,2902688323.234311,2640181080.303031,Prime
144,2012-01,722457040.4642454,621718768.6868689,Near-prime
145,2012-02,15495604774.6435,13785920218.68686,Super-prime
145,2012-02,168109511.2081028,146968275.2525252,Deep subprime
145,2012-02,285074205.5710022,244555123.7373736,Subprime
145,2012-02,3020582735.283541,2664243890.909091,Prime
145,2012-02,767980056.5831438,653712888.3838384,Near-prime
146,2012-03,15135452692.44401,15392887078.28283,Super-prime
146,2012-03,156022841.7934462,169569926.2626262,Deep subprime
146,2012-03,295908475.0695665,312272801.5151515,Subprime
146,2012-03,3002207088.271144,2987545994.949495,Prime
146,2012-03,750812534.3094314,766021667.1717174,Near-prime
147,2012-04,14865224909.75083,14746865442.9293,Super-prime
147,2012-04,162592030.2906432,147066154.5454545,Deep subprime
147,2012-04,2888427629.677346,2910361146.969698,Prime
147,2012-04,294279051.9754581,273293643.9393939,Subprime
147,2012-04,745126527.1546847,715562565.151515,Near-prime
148,2012-05,14803153294.17719,14777157471.21212,Super-prime
148,2012-05,166114464.1722377,165915627.7777777,Deep subprime
148,2012-05,3036603363.910866,3101534010.101009,Prime
148,2012-05,318440904.7661947,318185488.3838385,Subprime
148,2012-05,794762735.0573484,802509949.4949492,Near-prime
149,2012-06,14768781889.99794,14198418963.13131,Super-prime
149,2012-06,168825063.0424287,181186435.8585857,Deep subprime
149,2012-06,3024868410.550686,3019393719.19192,Prime
149,2012-06,309816783.8547699,320256989.3939392,Subprime
149,2012-06,798375012.9983273,821231775.2525254,Near-prime
150,2012-07,14387871605.14388,14847809509.09091,Super-prime
150,2012-07,149040254.8895844,142607026.2626262,Deep subprime
150,2012-07,2988952879.193971,3145114679.797979,Prime
150,2012-07,314157353.9079409,302907948.989899,Subprime
150,2012-07,778814797.9107958,776311148.4848486,Near-prime
151,2012-08,14568868265.20866,14934023724.74747,Super-prime
151,2012-08,154924964.3603753,163663580.3030303,Deep subprime
151,2012-08,3116328179.562706,3267095152.020204,Prime
151,2012-08,319302740.1939293,333622271.7171717,Subprime
151,2012-08,788072561.5735915,831623014.1414145,Near-prime
152,2012-09,147654658.5725892,148593662.6262625,Deep subprime
152,2012-09,14931188901.61385,14371819514.64646,Super-prime
152,2012-09,291360004.8482711,300788849.4949493,Subprime
152,2012-09,3047107831.266476,2988387191.919191,Prime
152,2012-09,739372340.4520614,763665457.5757579,Near-prime
153,2012-10,15058440368.12825,15488321816.66667,Super-prime
153,2012-10,151202520.3225723,150970419.6969697,Deep subprime
153,2012-10,278877356.6958957,281380339.8989898,Subprime
153,2012-10,3478946858.920588,3583039194.949493,Prime
153,2012-10,815786529.4697396,851827057.575758,Near-prime
154,2012-11,15006106459.92941,16405302791.41414,Super-prime
154,2012-11,160863584.0821968,172451189.3939393,Deep subprime
154,2012-11,315882918.5816298,356509961.1111114,Subprime
154,2012-11,3251781345.14758,3475134871.717171,Prime
154,2012-11,841347682.6187509,936393481.3131322,Near-prime
155,2012-12,15234899133.0064,16040325735.85859,Super-prime
155,2012-12,161688101.6222387,173692282.3232322,Deep subprime
155,2012-12,310132979.8097005,331996378.2828284,Subprime
155,2012-12,3220287364.346355,3217258615.151514,Prime
155,2012-12,818620310.9413501,831082970.7070708,Near-prime
156,2013-01,159115458.054407,136651645.4545453,Deep subprime
156,2013-01,16110381428.90967,15295858201.51517,Super-prime
156,2013-01,334122104.2674558,289031611.6161616,Subprime
156,2013-01,3408237629.465101,3134882680.30303,Prime
156,2013-01,866478005.140168,752131401.5151513,Near-prime
157,2013-02,157106153.649042,140043599.4949495,Deep subprime
157,2013-02,16031280162.98961,14315489275.75758,Super-prime
157,2013-02,323763199.0503327,278817026.7676768,Subprime
157,2013-02,3310400333.118024,2918534716.161617,Prime
157,2013-02,856816761.5959905,735211380.8080808,Near-prime
158,2013-03,158661581.2798923,175166793.9393939,Deep subprime
158,2013-03,15960539213.63215,16171877086.36364,Super-prime
158,2013-03,298213787.9799247,317776026.2626263,Subprime
158,2013-03,3300278314.04218,3291380629.797981,Prime
158,2013-03,852843569.8742235,874555981.3131313,Near-prime
159,2013-04,15872986332.13644,15755137675.25253,Super-prime
159,2013-04,161944919.6152191,147102412.6262626,Deep subprime
159,2013-04,309725818.5444386,286269692.9292929,Subprime
159,2013-04,3420669392.689956,3437786090.404043,Prime
159,2013-04,860086833.7615503,825905380.808081,Near-prime
160,2013-05,15362824922.84646,15306511019.69696,Super-prime
160,2013-05,158370528.2277776,160608246.4646464,Deep subprime
160,2013-05,321660523.3114079,321829391.4141416,Subprime
160,2013-05,3365408066.000755,3427297459.595961,Prime
160,2013-05,835741685.0600702,843636806.0606062,Near-prime
161,2013-06,15690811634.32162,15175784066.66667,Super-prime
161,2013-06,162141709.4522659,177218722.7272727,Deep subprime
161,2013-06,318080644.1225759,333334668.1818182,Subprime
161,2013-06,3497758040.811915,3502201583.838382,Prime
161,2013-06,866407545.5880018,895084472.2222226,Near-prime
162,2013-07,15893730569.19424,16460676255.0505,Super-prime
162,2013-07,173540363.1197868,167224946.4646463,Deep subprime
162,2013-07,321389374.0843682,310550127.2727275,Subprime
162,2013-07,3700020998.360657,3920956124.242425,Prime
162,2013-07,926894052.0132896,935132041.4141413,Near-prime
163,2013-08,166592916.2074608,173395430.8080807,Deep subprime
163,2013-08,16889166896.49869,17260202817.67677,Super-prime
163,2013-08,342574185.2585565,356996176.7676769,Subprime
163,2013-08,3753585148.848197,3914212588.888886,Prime
163,2013-08,987143150.5773243,1030275032.323232,Near-prime
164,2013-09,1054300071.486324,1078411785.858586,Near-prime
164,2013-09,17276914564.63695,16657239740.40404,Super-prime
164,2013-09,210332854.9626056,209851793.9393938,Deep subprime
164,2013-09,4039120158.1558,3950771505.050503,Prime
164,2013-09,406842067.4401068,420095908.0808083,Subprime
165,2013-10,1102573486.722984,1134535230.80808,Near-prime
165,2013-10,17483614591.03686,17890316854.54546,Super-prime
165,2013-10,202685145.0155978,197987517.6767677,Deep subprime
165,2013-10,4000243036.257929,4112179566.666667,Prime
165,2013-10,418247143.7600213,417020256.0606062,Subprime
166,2013-11,1138696701.712071,1256847256.060606,Near-prime
166,2013-11,18184974197.80338,19725287032.32323,Super-prime
166,2013-11,193578602.1349325,204199980.3030302,Deep subprime
166,2013-11,4001616266.875997,4244500100,Prime
166,2013-11,413292002.6712666,458403880.8080807,Subprime
167,2013-12,1198276267.336231,1229095774.747475,Near-prime
167,2013-12,19423988974.2131,20251660912.62626,Super-prime
167,2013-12,205447606.6459434,220214405.5555556,Deep subprime
167,2013-12,4286914326.585301,4275040602.52525,Prime
167,2013-12,441856894.3184649,477585267.6767679,Subprime
168,2014-01,1217756568.411949,1059564523.737374,Near-prime
168,2014-01,18653610117.01129,17953778806.56566,Super-prime
168,2014-01,215435066.9300497,182780405.0505049,Deep subprime
168,2014-01,421164811.0597318,361873168.6868688,Subprime
168,2014-01,4263282140.513048,3965499307.575756,Prime
169,2014-02,1196946353.450358,1030273277.777778,Near-prime
169,2014-02,18454736377.98026,16472000473.73737,Super-prime
169,2014-02,231367796.3756698,209032274.7474747,Deep subprime
169,2014-02,4263795675.073329,3750167119.191918,Prime
169,2014-02,459044539.7238278,395150067.1717172,Subprime
170,2014-03,1236184162.587887,1275944622.222222,Near-prime
170,2014-03,17926581709.17799,18135176429.79798,Super-prime
170,2014-03,234609251.2875351,262700460.6060606,Deep subprime
170,2014-03,4300420788.552577,4300548496.969698,Prime
170,2014-03,473695745.3708902,509508928.7878785,Subprime
171,2014-04,1276933412.10514,1227121457.575758,Near-prime
171,2014-04,18972551093.35143,18784887533.83838,Super-prime
171,2014-04,248433163.4541556,226811365.1515151,Deep subprime
171,2014-04,4630829554.960438,4633820112.626263,Prime
171,2014-04,498637075.604176,459051161.1111111,Subprime
172,2014-05,1285928032.360502,1303112104.545455,Near-prime
172,2014-05,19172089821.15898,19074841202.52525,Super-prime
172,2014-05,266308564.0957366,274382382.8282828,Deep subprime
172,2014-05,4392780392.342904,4469692073.737375,Prime
172,2014-05,480487314.9991956,483586180.8080809,Subprime
173,2014-06,1306364215.341459,1363181946.464646,Near-prime
173,2014-06,17919672013.94461,17595909786.36362,Super-prime
173,2014-06,265152441.7298146,293374423.7373737,Deep subprime
173,2014-06,4245642093.699143,4291664055.555555,Prime
173,2014-06,488455536.0115498,521755258.0808085,Subprime
174,2014-07,1369476217.151168,1397183048.484849,Near-prime
174,2014-07,19238994221.5469,20064225112.12121,Super-prime
174,2014-07,289631503.6393183,280877715.1515152,Deep subprime
174,2014-07,5056413626.701517,5399112936.363638,Prime
174,2014-07,577932880.4270899,560465844.4444445,Subprime
175,2014-08,1333541148.92825,1381001827.777778,Near-prime
175,2014-08,18170112674.38194,18564865905.0505,Super-prime
175,2014-08,281872661.761803,291380039.3939394,Deep subprime
175,2014-08,4299071224.813893,4463356828.787877,Prime
175,2014-08,533369116.6318142,552244145.4545457,Subprime
176,2014-09,1350677359.888219,1366085512.121212,Near-prime
176,2014-09,18088684263.29742,17411422918.68687,Super-prime
176,2014-09,295105259.1405276,292061068.1818182,Deep subprime
176,2014-09,4322964732.971357,4205265712.121212,Prime
176,2014-09,549986248.1507756,566659442.9292929,Subprime
177,2014-10,1356093235.063287,1378060263.131313,Near-prime
177,2014-10,17619380416.02916,17984362447.47476,Super-prime
177,2014-10,305820003.0514182,292449777.2727274,Deep subprime
177,2014-10,4322283548.041418,4432423612.626264,Prime
177,2014-10,558352505.596495,549615763.6363636,Subprime
178,2014-11,1393421046.672624,1520114551.515151,Near-prime
178,2014-11,17983459765.25356,19403293845.45454,Super-prime
178,2014-11,293052344.5645568,303763739.8989898,Deep subprime
178,2014-11,4427077449.018267,4668429920.707071,Prime
178,2014-11,533708537.5565878,582805208.5858587,Subprime
179,2014-12,1472453233.006432,1522173252.525253,Near-prime
179,2014-12,19087620597.47921,19522092441.41414,Super-prime
179,2014-12,319969719.350228,342597780.8080808,Deep subprime
179,2014-12,4748169051.168965,4704297298.989899,Prime
179,2014-12,579341380.6863745,631254144.4444445,Subprime
180,2015-01,1463551428.986508,1270096820.70707,Near-prime
180,2015-01,18872415245.34491,18423298426.26262,Super-prime
180,2015-01,356844498.7068449,299506607.0707072,Deep subprime
180,2015-01,4559188630.83695,4285481244.444442,Prime
180,2015-01,629880360.5155759,535392984.3434342,Subprime
181,2015-02,1493844581.568513,1287363404.040404,Near-prime
181,2015-02,18460177627.35181,16447788913.63637,Super-prime
181,2015-02,326393303.2553263,298487929.7979798,Deep subprime
181,2015-02,4587170071.144753,4036209753.53535,Prime
181,2015-02,579400914.28391,497947770.7070708,Subprime
182,2015-03,1508806839.633283,1571659425.757575,Near-prime
182,2015-03,19611897184.24878,19798095189.899,Super-prime
182,2015-03,330379624.9460013,376274428.7878788,Deep subprime
182,2015-03,4821856797.285263,4831185440.909088,Prime
182,2015-03,591948073.2031636,647031479.2929296,Subprime
183,2015-04,1581651047.802789,1518956408.080808,Near-prime
183,2015-04,20515296498.58969,20232035728.28282,Super-prime
183,2015-04,382366218.3272322,348527968.6868689,Deep subprime
183,2015-04,4807244584.031221,4791395935.858584,Prime
183,2015-04,721142895.3004621,660683503.0303029,Subprime
184,2015-05,1518320176.731344,1550854293.434344,Near-prime
184,2015-05,20430576781.1529,20343722181.31313,Super-prime
184,2015-05,316962562.0943807,330897785.3535355,Deep subprime
184,2015-05,4785345623.884841,4876999970.707071,Prime
184,2015-05,619682979.3398926,627991243.4343432,Subprime
185,2015-06,1608657586.24953,1695835249.49495,Near-prime
185,2015-06,21251180015.51711,21094007226.76767,Super-prime
185,2015-06,333943866.884255,371997507.5757577,Deep subprime
185,2015-06,5113888075.085114,5202136722.727273,Prime
185,2015-06,655407578.08477,710936438.888889,Subprime
186,2015-07,1568629151.924846,1614627582.828283,Near-prime
186,2015-07,20350280781.24473,21435887297.47476,Super-prime
186,2015-07,335928134.4088131,328026412.1212121,Deep subprime
186,2015-07,5063289837.219587,5430485708.08081,Prime
186,2015-07,672134354.3966488,654851517.6767676,Subprime
187,2015-08,1556840319.340551,1603536783.333333,Near-prime
187,2015-08,20790640377.70065,21303580345.95959,Super-prime
187,2015-08,329075833.9736089,337719895.4545454,Deep subprime
187,2015-08,4965217973.14535,5156808177.777775,Prime
187,2015-08,647043070.898234,666610539.3939395,Subprime
188,2015-09,1603587507.112282,1606213272.222223,Near-prime
188,2015-09,21524019581.44992,20590975886.36364,Super-prime
188,2015-09,369945916.4285063,364956848.4848485,Deep subprime
188,2015-09,5208233808.84674,5015438422.222219,Prime
188,2015-09,654658269.1606313,671645640.4040408,Subprime
189,2015-10,1762535542.117569,1765906593.434343,Near-prime
189,2015-10,22146753315.97871,22592281640.90908,Super-prime
189,2015-10,319643613.1798577,300076163.1313131,Deep subprime
189,2015-10,6370625361.782727,6527122029.797978,Prime
189,2015-10,642575145.2205538,622595506.0606065,Subprime
190,2015-11,1657536843.858606,1790103822.727273,Near-prime
190,2015-11,21498544321.27397,23141414727.27274,Super-prime
190,2015-11,335188266.3440906,342117550.5050504,Deep subprime
190,2015-11,5518114230.043441,5803397530.808082,Prime
190,2015-11,654060147.3893123,704690157.0707071,Subprime
191,2015-12,1655745516.772577,1719313120.70707,Near-prime
191,2015-12,22090594109.3056,22139417377.77778,Super-prime
191,2015-12,321931551.0931671,345021830.808081,Deep subprime
191,2015-12,5473230165.114456,5380927559.595962,Prime
191,2015-12,638535496.0375086,697594011.111111,Subprime
192,2016-01,1641059206.917814,1420931525.252526,Near-prime
192,2016-01,21850651183.92088,21671786940.9091,Super-prime
192,2016-01,299761602.8777234,251522117.6767675,Deep subprime
192,2016-01,5250816273.754028,4994597503.030302,Prime
192,2016-01,609738836.8911158,517251550.5050505,Subprime
193,2016-02,1690973169.378863,1463360845.454546,Near-prime
193,2016-02,23403669274.99024,20837157291.41415,Super-prime
193,2016-02,327521881.0079937,300664797.4747475,Deep subprime
193,2016-02,5661810691.699336,4993137663.131313,Prime
193,2016-02,619337177.9193748,532776527.2727274,Subprime
194,2016-03,1682019585.503533,1770163152.525253,Near-prime
194,2016-03,23323895413.81678,23635424371.21213,Super-prime
194,2016-03,303533391.8747388,351802625.7575759,Deep subprime
194,2016-03,5584150185.998139,5631249363.131314,Prime
194,2016-03,609339661.1570737,677556681.3131312,Subprime
195,2016-04,1598782866.72805,1529885937.878788,Near-prime
195,2016-04,23407981147.54519,22908504750.00001,Super-prime
195,2016-04,284454839.8543097,258736735.8585859,Deep subprime
195,2016-04,5647939898.419812,5588411940.404037,Prime
195,2016-04,580384557.7915382,529406475.7575762,Subprime
196,2016-05,1935230053.532673,1994457281.31313,Near-prime
196,2016-05,24131940327.92001,23935143346.46465,Super-prime
196,2016-05,294165147.9497168,307267918.1818183,Deep subprime
196,2016-05,6418673092.861043,6543278673.737373,Prime
196,2016-05,672491136.0875641,685101017.6767679,Subprime
197,2016-06,1669520901.946331,1771224536.363637,Near-prime
197,2016-06,25737954323.83304,25643478332.32324,Super-prime
197,2016-06,275577616.8593461,308148372.7272727,Deep subprime
197,2016-06,595611441.83632,652444264.141414,Subprime
197,2016-06,6005461873.300699,6110395504.545454,Prime
198,2016-07,1742588211.547271,1794500500.50505,Near-prime
198,2016-07,24636817815.70483,25990249769.19193,Super-prime
198,2016-07,257258169.6483229,251134293.9393939,Deep subprime
198,2016-07,557763666.1777449,543575415.6565657,Subprime
198,2016-07,6997878464.824693,7477617572.222225,Prime
199,2016-08,1691550289.020807,1739852120.202021,Near-prime
199,2016-08,24559410158.67979,25261314864.64647,Super-prime
199,2016-08,265935245.4450283,272403155.050505,Deep subprime
199,2016-08,567244897.0636828,581805940.4040405,Subprime
199,2016-08,6005629057.80998,6259026105.050505,Prime
200,2016-09,1644482556.074327,1632379758.585859,Near-prime
200,2016-09,24903959613.34809,23738011255.55558,Super-prime
200,2016-09,257729793.0433471,255255703.5353535,Deep subprime
200,2016-09,556589368.6437837,567573704.0404041,Subprime
200,2016-09,5944846474.159547,5686224292.424241,Prime
201,2016-10,1444808703.506669,1431475771.717172,Near-prime
201,2016-10,21911601085.5209,22467016271.21212,Super-prime
201,2016-10,223499293.1313082,205927392.9292929,Deep subprime
201,2016-10,500705207.6021853,476969215.6565658,Subprime
201,2016-10,5270727631.572371,5394322602.020202,Prime
202,2016-11,1536399182.721102,1650293856.060606,Near-prime
202,2016-11,21847648136.58594,23539211880.30302,Super-prime
202,2016-11,259210747.0685806,263491901.010101,Deep subprime
202,2016-11,5404945560.506256,5705636552.020201,Prime
202,2016-11,545415169.2185271,585212804.0404043,Subprime
203,2016-12,1557154173.944466,1622424086.363637,Near-prime
203,2016-12,22418842781.95929,22251567261.11112,Super-prime
203,2016-12,257439640.4594062,276296970.7070708,Deep subprime
203,2016-12,5415243907.363398,5292208263.131312,Prime
203,2016-12,542431518.6737839,592902944.4444448,Subprime
204,2017-01,1527303605.605075,1328564794.949495,Near-prime
204,2017-01,243124483.627476,206045422.7272726,Deep subprime
204,2017-01,27215713108.19574,27366472066.16161,Super-prime
204,2017-01,520622717.3081213,444215038.888889,Subprime
204,2017-01,5710655913.219379,5507024652.020203,Prime
205,2017-02,1517516641.205356,1321887129.292929,Near-prime
205,2017-02,23100779991.45527,20704984992.42424,Super-prime
205,2017-02,253558494.4657607,233713997.4747474,Deep subprime
205,2017-02,518933061.97438,450062927.2727274,Subprime
205,2017-02,5591647839.058343,4965161530.808077,Prime
206,2017-03,1698911834.118987,1804416074.747476,Near-prime
206,2017-03,23667120075.99701,24005484643.93939,Super-prime
206,2017-03,257516293.1971326,300826340.9090911,Deep subprime
206,2017-03,550042996.0687294,619242128.2828283,Subprime
206,2017-03,6483103068.559452,6577482418.686872,Prime
207,2017-04,1508152428.218685,1431498450.505051,Near-prime
207,2017-04,22424453730.52917,21737339134.34344,Super-prime
207,2017-04,265013063.9617925,239958035.8585859,Deep subprime
207,2017-04,527482149.5840759,478792826.2626264,Subprime
207,2017-04,5448668748.85796,5337649139.898992,Prime
208,2017-05,1551133066.662183,1609415339.89899,Near-prime
208,2017-05,23000585903.01319,22634549405.55555,Super-prime
208,2017-05,273359993.3463856,283288859.0909091,Deep subprime
208,2017-05,539972573.5157768,552009235.8585862,Subprime
208,2017-05,5560587942.050017,5665038629.797981,Prime
209,2017-06,1591030352.234352,1683249501.515151,Near-prime
209,2017-06,24068322271.31692,23737641992.42424,Super-prime
209,2017-06,274625560.4907651,305999372.2222223,Deep subprime
209,2017-06,547272893.3904613,597450963.1313134,Subprime
209,2017-06,5842250411.389094,5885886891.919192,Prime
210,2017-07,1475333529.517957,1511467175.757576,Near-prime
210,2017-07,24505003013.52761,25624536196.9697,Super-prime
210,2017-07,266344072.1788943,258406084.3434344,Deep subprime
210,2017-07,552698885.6600466,537874024.2424245,Subprime
210,2017-07,5530110859.953386,5842289273.737373,Prime
211,2017-08,1448554320.936815,1494729777.272727,Near-prime
211,2017-08,23263447051.92846,24032423401.01011,Super-prime
211,2017-08,262768083.3784742,269616917.6767676,Deep subprime
211,2017-08,494700141.0294036,507458052.0202022,Subprime
211,2017-08,5551402017.604834,5817611225.757576,Prime
212,2017-09,1430130756.010803,1408372771.717172,Near-prime
212,2017-09,21496372494.12461,20610767651.0101,Super-prime
212,2017-09,233762496.8418368,233562840.4040403,Deep subprime
212,2017-09,473293403.4677165,478712921.7171718,Subprime
212,2017-09,5222547788.876917,4987070990.404039,Prime
213,2017-10,1311993898.237936,1291546264.141414,Near-prime
213,2017-10,219033161.0708737,200778665.1515151,Deep subprime
213,2017-10,22360353409.76862,23193573125.25253,Super-prime
213,2017-10,431831682.1246774,406678879.2929293,Subprime
213,2017-10,5266197014.553085,5406386558.585857,Prime
214,2017-11,1421051107.560292,1532469331.818182,Near-prime
214,2017-11,23363645792.86602,25316139457.07071,Super-prime
214,2017-11,243988940.9446221,249249108.0808081,Deep subprime
214,2017-11,487890378.5486326,525411943.9393941,Subprime
214,2017-11,5577233330.52172,5933098260.60606,Prime
215,2017-12,1438223079.872452,1497437852.525252,Near-prime
215,2017-12,22222616758.43571,21994802059.09092,Super-prime
215,2017-12,248052941.2777888,266623911.111111,Deep subprime
215,2017-12,497389091.3913367,541416953.5353535,Subprime
215,2017-12,5390644730.621825,5254495934.343435,Prime
216,2018-01,1434468870.121495,1261967934.848485,Near-prime
216,2018-01,23253553476.96776,23595043109.59596,Super-prime
216,2018-01,257214877.429056,221875280.8080808,Deep subprime
216,2018-01,497219620.2868729,431409376.2626264,Subprime
216,2018-01,5467347598.224718,5337709484.848484,Prime
217,2018-02,1506143373.861642,1317485948.989898,Near-prime
217,2018-02,23281323713.2693,20937548972.22221,Super-prime
217,2018-02,266908878.4193192,244987389.8989899,Deep subprime
217,2018-02,522883451.0691746,457843203.5353537,Subprime
217,2018-02,5558066944.098842,4955692024.242424,Prime
218,2018-03,1549711697.021069,1649536112.626264,Near-prime
218,2018-03,23370619023.03999,23772482887.37375,Super-prime
218,2018-03,286064912.2106634,331616465.1515152,Deep subprime
218,2018-03,552877230.8892914,621445214.6464648,Subprime
218,2018-03,5576256493.439654,5686761492.929291,Prime
219,2018-04,1539493743.744334,1452475652.020201,Near-prime
219,2018-04,24265331182.02625,23295042513.13131,Super-prime
219,2018-04,269076037.1659973,244826042.4242423,Deep subprime
219,2018-04,531124042.2097175,483115376.2626262,Subprime
219,2018-04,5878306458.249565,5705606215.151512,Prime
220,2018-05,1590253888.053309,1656388937.878788,Near-prime
220,2018-05,24716952561.99389,24029746762.12121,Super-prime
220,2018-05,274604486.3652596,281503110.6060607,Deep subprime
220,2018-05,552648947.9262991,567147082.3232324,Subprime
220,2018-05,5981348395.611255,6066895447.474747,Prime
221,2018-06,1566624367.112458,1647369236.363636,Near-prime
221,2018-06,23694416860.90994,23159835070.20203,Super-prime
221,2018-06,275580926.2932251,303851301.0101011,Deep subprime
221,2018-06,533614688.7190943,575692168.6868689,Subprime
221,2018-06,5772683897.696609,5767280064.141412,Prime
222,2018-07,1502396437.228209,1531056122.222222,Near-prime
222,2018-07,24241444053.37488,25074575400.50505,Super-prime
222,2018-07,285952458.7062876,276753118.6868687,Deep subprime
222,2018-07,525949406.5388677,512375206.5656566,Subprime
222,2018-07,5786722083.943686,6035045927.272727,Prime
223,2018-08,1520108983.701083,1572005515.656566,Near-prime
223,2018-08,24313355010.28166,25155632374.24244,Super-prime
223,2018-08,270820532.8090172,277451720.7070707,Deep subprime
223,2018-08,532699771.2288018,544976210.606061,Subprime
223,2018-08,5791691785.347963,6087725437.373739,Prime
224,2018-09,1529708552.295705,1497218960.10101,Near-prime
224,2018-09,23014014376.70443,22204797639.39393,Super-prime
224,2018-09,282271207.8346171,284252493.939394,Deep subprime
224,2018-09,530560227.8997202,532845334.8484849,Subprime
224,2018-09,5655291946.395464,5424679891.919194,Prime
225,2018-10,1491298634.674925,1465116918.686869,Near-prime
225,2018-10,23994781029.02892,25093027212.12121,Super-prime
225,2018-10,266835761.5350514,247503626.2626262,Deep subprime
225,2018-10,514422889.3497339,483383192.9292931,Subprime
225,2018-10,5976395665.604486,6130483729.797978,Prime
226,2018-11,1516244859.489459,1650169907.575758,Near-prime
226,2018-11,23295646509.21982,25511102589.39394,Super-prime
226,2018-11,268989052.4873461,276472599.4949496,Deep subprime
226,2018-11,503022001.3482206,545251382.3232323,Subprime
226,2018-11,5709420619.331335,6134763784.343434,Prime
227,2018-12,1492958454.843565,1552030584.343434,Near-prime
227,2018-12,22881477820.24944,22753408970.20202,Super-prime
227,2018-12,277863815.6459893,297849679.2929295,Deep subprime
227,2018-12,506674929.9575298,549235862.1212122,Subprime
227,2018-12,5588702798.292642,5471970482.828281,Prime
228,2019-01,1535178823.833104,1365031919.69697,Near-prime
228,2019-01,25134860621.05025,25553074712.12122,Super-prime
228,2019-01,284421308.9516434,250774468.1818182,Deep subprime
228,2019-01,524382217.2157261,462605343.9393941,Subprime
228,2019-01,5911022356.792606,5797398418.181819,Prime
229,2019-02,1581652393.299329,1382899501.010101,Near-prime
229,2019-02,25085138930.75901,22555618079.79799,Super-prime
229,2019-02,279924702.8501315,257212904.5454545,Deep subprime
229,2019-02,552284540.5948712,488233583.3333334,Subprime
229,2019-02,5899626732.227481,5252709685.353535,Prime
230,2019-03,1630779858.72413,1729783917.676768,Near-prime
230,2019-03,25631649838.84613,26110301157.57577,Super-prime
230,2019-03,310969342.0795091,353858657.0707071,Deep subprime
230,2019-03,557159076.6797503,617505134.8484851,Subprime
230,2019-03,6007432689.53356,6144201955.555556,Prime
231,2019-04,1616551853.906832,1523696313.636364,Near-prime
231,2019-04,25743367533.51407,24595412238.8889,Super-prime
231,2019-04,302259754.1213989,277723755.5555555,Deep subprime
231,2019-04,563094099.8594384,518263345.959596,Subprime
231,2019-04,5997725667.476281,5799450059.595962,Prime
232,2019-05,1644414741.314938,1716865043.434344,Near-prime
232,2019-05,25329051681.4628,24461910410.60606,Super-prime
232,2019-05,308056400.584128,311015526.2626263,Deep subprime
232,2019-05,580487799.77191,595580653.5353534,Subprime
232,2019-05,5867064432.624581,5934020003.030303,Prime
233,2019-06,1679268863.26801,1754730297.474747,Near-prime
233,2019-06,23615049058.29937,22874831572.22222,Super-prime
233,2019-06,321905518.5334052,347820691.4141414,Deep subprime
233,2019-06,5806576278.288516,5770241440.40404,Prime
233,2019-06,596485576.1367579,632282504.5454546,Subprime
234,2019-07,1596447624.649784,1624585184.848485,Near-prime
234,2019-07,23525190256.87394,24197876437.87878,Super-prime
234,2019-07,289379141.9169171,282084091.4141414,Deep subprime
234,2019-07,5636127656.860029,5832146801.0101,Prime
234,2019-07,582440244.762154,572860352.0202019,Subprime
235,2019-08,1766057298.656649,1831898893.434344,Near-prime
235,2019-08,28478106789.4114,29442934343.43433,Super-prime
235,2019-08,319705892.5277188,327332431.3131313,Deep subprime
235,2019-08,6262878349.414559,6584292617.676767,Prime
235,2019-08,635850442.4936684,650680467.1717172,Subprime
236,2019-09,1877059294.871016,1827493386.363637,Near-prime
236,2019-09,26016822517.61864,25266288920.20202,Super-prime
236,2019-09,334406318.3813093,339676076.2626263,Deep subprime
236,2019-09,6337773726.725383,6114928952.525256,Prime
236,2019-09,661703950.8303238,660260352.5252532,Subprime
237,2019-10,1698453863.690134,1671047223.737375,Near-prime
237,2019-10,24787259709.62088,25970581614.14143,Super-prime
237,2019-10,311094988.9632066,294496036.3636363,Deep subprime
237,2019-10,5794558040.662513,5938831372.222221,Prime
237,2019-10,614366014.426067,582917639.8989902,Subprime
238,2019-11,1624971722.35538,1785618912.121212,Near-prime
238,2019-11,23333801781.9655,25755724563.13132,Super-prime
238,2019-11,326824012.2381384,337480476.2626263,Deep subprime
238,2019-11,5504268838.23671,5952781661.111112,Prime
238,2019-11,634313559.2167242,688413287.3737375,Subprime
239,2019-12,1686952595.594761,1738158182.323233,Near-prime
239,2019-12,25238553587.8199,25083804608.08083,Super-prime
239,2019-12,336422844.2939385,356360536.3636364,Deep subprime
239,2019-12,5865914265.360349,5755102151.010099,Prime
239,2019-12,638698643.2649254,683441834.8484849,Subprime
240,2020-01,1621454287.267604,1452555705.050505,Near-prime
240,2020-01,25497193833.8145,25781591646.9697,Super-prime
240,2020-01,320809420.5509245,288687544.4444446,Deep subprime
240,2020-01,5740063547.095387,5606999605.555553,Prime
240,2020-01,611517096.1455709,549073037.3737376,Subprime
241,2020-02,1590971103.303735,1382684708.585859,Near-prime
241,2020-02,25980202731.09929,23285822901.51515,Super-prime
241,2020-02,297015685.9573753,273120670.2020203,Deep subprime
241,2020-02,563627530.5870489,500022387.3737373,Subprime
241,2020-02,6045373510.969169,5351150188.88889,Prime
242,2020-03,1188986838.474885,1249868920.202019,Near-prime
242,2020-03,16293155563.56337,16681832741.9192,Super-prime
242,2020-03,259916302.4183598,289590019.6969697,Deep subprime
242,2020-03,4358244240.561938,4468966666.666669,Prime
242,2020-03,448002899.5954862,485397213.1313132,Subprime
243,2020-04,218939505.3087615,204288945.9595959,Deep subprime
243,2020-04,2695663025.755669,2609064423.232324,Prime
243,2020-04,308487822.3586347,289427985.3535354,Subprime
243,2020-04,704522229.0685549,670547179.7979798,Near-prime
243,2020-04,9327590973.530222,8931799265.656567,Super-prime
244,2020-05,10192761375.53547,9875890176.262621,Super-prime
244,2020-05,226718802.70635,226547398.4848484,Deep subprime
244,2020-05,2656169593.066592,2686468550.50505,Prime
244,2020-05,286640254.9729794,294097876.2626262,Subprime
244,2020-05,724547729.5174576,757442690.9090912,Near-prime
245,2020-06,11690894697.07483,11366229781.31313,Super-prime
245,2020-06,204947358.2627232,217134744.9494949,Deep subprime
245,2020-06,281366801.5709577,294924669.1919193,Subprime
245,2020-06,2889660700.384257,2890473909.090909,Prime
245,2020-06,740414014.2471882,772871256.0606065,Near-prime
246,2020-07,12143307106.81413,12504521100,Super-prime
246,2020-07,288296656.8701317,283241864.6464646,Deep subprime
246,2020-07,3002470731.456583,3110050311.111113,Prime
246,2020-07,349112774.2506999,348672059.5959594,Subprime
246,2020-07,804195651.9274915,825326586.8686869,Near-prime
247,2020-08,13565892016.29912,13948493296.96968,Super-prime
247,2020-08,3264460568.09128,3423871198.484848,Prime
247,2020-08,366680186.6784289,376865319.1919191,Subprime
247,2020-08,372046742.7018246,382270986.8686869,Deep subprime
247,2020-08,894847688.9934223,930199657.0707068,Near-prime
248,2020-09,15070708037.28871,14642692887.37374,Super-prime
248,2020-09,304909451.5105321,309943355.0505051,Deep subprime
248,2020-09,3576433854.099533,3469565214.646464,Prime
248,2020-09,387039806.0763028,382782147.9797978,Subprime
248,2020-09,926334627.1211172,895513561.6161615,Near-prime
249,2020-10,1116101935.4794,1100562703.030303,Near-prime
249,2020-10,16028608974.92599,16619328908.0808,Super-prime
249,2020-10,3919604645.632524,3985041027.777778,Prime
249,2020-10,404010143.937403,389624737.878788,Deep subprime
249,2020-10,509211441.9456076,488361392.4242424,Subprime
250,2020-11,1146004886.940542,1261568786.868687,Near-prime
250,2020-11,16093819058.43047,17775251928.28283,Super-prime
250,2020-11,4113885840.658798,4449669480.808081,Prime
250,2020-11,448866795.477309,466256583.838384,Deep subprime
250,2020-11,501976501.4124479,544035327.777778,Subprime
251,2020-12,1138406567.332868,1158678362.121212,Near-prime
251,2020-12,16471286718.20319,16306985369.69697,Super-prime
251,2020-12,352318640.2564922,366597511.6161616,Deep subprime
251,2020-12,4185249632.581216,4100877661.616161,Prime
251,2020-12,486495711.5812441,511305823.2323233,Subprime
252,2021-01,1260189972.598053,1131524119.69697,Near-prime
252,2021-01,15883244060.987,15924538091.41413,Super-prime
252,2021-01,366775680.928223,333893734.8484849,Deep subprime
252,2021-01,4172224544.304052,4034098378.787878,Prime
252,2021-01,539226621.2173512,489993127.7777778,Subprime
253,2021-02,1350050288.491659,1166886307.070707,Near-prime
253,2021-02,17160793216.97663,15461827369.19192,Super-prime
253,2021-02,356744991.2599174,331429717.1717173,Deep subprime
253,2021-02,4616531667.28985,4069736491.919192,Prime
253,2021-02,581000434.7812154,515043807.0707071,Subprime
254,2021-03,1423750691.33966,1481079598.989899,Near-prime
254,2021-03,19360809777.11601,19924890184.84849,Super-prime
254,2021-03,385690433.8467965,421150923.2323233,Deep subprime
254,2021-03,4966497546.594437,5093354107.575758,Prime
254,2021-03,613288222.4738101,649482709.5959598,Subprime
255,2021-04,1639747912.208042,1584190165.151515,Near-prime
255,2021-04,20373468944.06091,19642561761.11111,Super-prime
255,2021-04,447652348.2333377,425130397.9797981,Deep subprime
255,2021-04,5443196609.319525,5292769360.606062,Prime
255,2021-04,732090351.6221024,701305506.5656569,Subprime
256,2021-05,1850161643.455619,1939539472.727273,Near-prime
256,2021-05,21774365307.35247,21334384879.79799,Super-prime
256,2021-05,477951080.6316977,474593643.9393941,Deep subprime
256,2021-05,6015846084.144895,6125671647.474749,Prime
256,2021-05,815815784.3612633,836465393.9393941,Subprime
257,2021-06,1920685737.046271,2007582636.363637,Near-prime
257,2021-06,25179538717.69704,24672493713.63636,Super-prime
257,2021-06,445079569.3919286,461547516.6666666,Deep subprime
257,2021-06,6540507629.556194,6626436484.343432,Prime
257,2021-06,793678899.5358487,828308858.5858586,Subprime
258,2021-07,1960692448.668094,2041478979.29293,Near-prime
258,2021-07,24343001912.09083,25223529488.88889,Super-prime
258,2021-07,455234178.4530739,451448788.3838384,Deep subprime
258,2021-07,6305744331.76816,6582683603.030302,Prime
258,2021-07,802005696.314653,817408762.6262625,Subprime
259,2021-08,1859688116.896901,1944118027.272727,Near-prime
259,2021-08,23655639023.77821,24201868259.59595,Super-prime
259,2021-08,416706215.2479609,431705398.4848484,Deep subprime
259,2021-08,6233229210.680769,6526629270.202019,Prime
259,2021-08,766476992.9288424,794084713.1313131,Subprime
260,2021-09,1960605778.379483,1880171138.88889,Near-prime
260,2021-09,23633186754.70919,22899397801.01011,Super-prime
260,2021-09,438203904.7783746,443195488.888889,Deep subprime
260,2021-09,6410084228.51083,6229735706.565658,Prime
260,2021-09,789204318.3081784,771401660.1010104,Subprime
261,2021-10,1971060110.805148,1942470385.353535,Near-prime
261,2021-10,24403759265.63544,24895945716.16161,Super-prime
261,2021-10,468554242.2603785,461682228.787879,Deep subprime
261,2021-10,6399658684.258753,6441850471.717172,Prime
261,2021-10,787646712.6177201,767139374.2424244,Subprime
262,2021-11,2047662507.535652,2245080286.363636,Near-prime
262,2021-11,26125084217.91953,28670886612.1212,Super-prime
262,2021-11,454297728.3215571,472861789.8989899,Deep subprime
262,2021-11,6704160672.408198,7202300097.9798,Prime
262,2021-11,810387656.43126,870167077.2727274,Subprime
263,2021-12,2046147444.679438,2048214747.979798,Near-prime
263,2021-12,25818958851.99804,25253475274.24242,Super-prime
263,2021-12,471904409.4034762,478938448.9898991,Deep subprime
263,2021-12,6881084141.984359,6693065747.979799,Prime
263,2021-12,824369380.4175837,846944622.7272729,Subprime
264,2022-01,1991883624.970664,1783394523.232323,Near-prime
264,2022-01,23251706943.04582,23045868382.8283,Super-prime
264,2022-01,470104706.8736051,429206259.0909091,Deep subprime
264,2022-01,6335319281.13607,6036660020.707072,Prime
264,2022-01,794365102.4364684,724432693.4343436,Subprime
265,2022-02,2078487294.576108,1785142834.848484,Near-prime
265,2022-02,26228646223.72635,23741274646.46465,Super-prime
265,2022-02,483238811.678003,450402839.3939394,Deep subprime
265,2022-02,6904484272.133237,6069777420.707071,Prime
265,2022-02,822906536.6152711,724984159.0909091,Subprime
266,2022-03,2171913117.698528,2233392239.39394,Near-prime
266,2022-03,29148095545.86394,30201680863.63636,Super-prime
266,2022-03,463436407.7251727,499995594.4444445,Deep subprime
266,2022-03,7498577406.379303,7675688802.525252,Prime
266,2022-03,777042210.0362275,809934604.5454547,Subprime
267,2022-04,2180900661.101678,2150147142.424242,Near-prime
267,2022-04,28246360419.80448,27607341873.23232,Super-prime
267,2022-04,469137978.4839001,454458899.4949495,Deep subprime
267,2022-04,7444592345.903972,7309937917.676766,Prime
267,2022-04,826374834.8849293,807510060.1010101,Subprime
268,2022-05,2205076795.387423,2327835636.868687,Near-prime
268,2022-05,28680926278.2794,28546909958.08082,Super-prime
268,2022-05,429625306.2264336,430237744.9494951,Deep subprime
268,2022-05,7560378758.869255,7783384983.838379,Prime
268,2022-05,795574558.9404122,819630680.3030304,Subprime
269,2022-06,2206810395.734517,2320989357.575758,Near-prime
269,2022-06,29488758998.83725,29411964948.98989,Super-prime
269,2022-06,438952314.6974734,448864477.7777778,Deep subprime
269,2022-06,7764691624.427059,8018121728.282825,Prime
269,2022-06,798295281.7135864,836833565.1515151,Subprime
270,2022-07,2082132743.205233,2206906108.080809,Near-prime
270,2022-07,30359509396.28934,31888614917.17171,Super-prime
270,2022-07,442147115.2190838,441965619.6969696,Deep subprime
270,2022-07,7780618876.847742,8212351442.929295,Prime
270,2022-07,806280428.3422842,836782555.5555556,Subprime
271,2022-08,2069520415.230108,2168889503.030303,Near-prime
271,2022-08,29715094875.76815,30206628426.76768,Super-prime
271,2022-08,427675337.4247388,445499577.7777778,Deep subprime
271,2022-08,7588952959.026751,7938522709.595959,Prime
271,2022-08,775176101.1034255,808724490.9090909,Subprime
272,2022-09,2024018402.06548,1925161206.565656,Near-prime
272,2022-09,30043474900.96278,28713513066.66669,Super-prime
272,2022-09,419201251.8812035,418037808.080808,Deep subprime
272,2022-09,7371149134.795633,7143820201.515148,Prime
272,2022-09,757354741.3223432,730628100.0000002,Subprime
273,2022-10,2019416108.251618,1981301112.121213,Near-prime
273,2022-10,29520094833.15542,29400227133.33334,Super-prime
273,2022-10,390122748.6945812,390542129.7979799,Deep subprime
273,2022-10,7286495478.740828,7222465098.989897,Prime
273,2022-10,751308301.3658546,739354510.1010102,Subprime
274,2022-11,1895637620.707086,2058542242.929293,Near-prime
274,2022-11,30397771279.90123,33046185402.52523,Super-prime
274,2022-11,400198522.3876863,415107917.1717172,Deep subprime
274,2022-11,699162234.143508,741381466.1616161,Subprime
274,2022-11,7180886306.449049,7640162491.919189,Prime
275,2022-12,1813693757.856458,1792062940.909092,Near-prime
275,2022-12,29709434325.16143,28670111019.19192,Super-prime
275,2022-12,388917830.9424513,385956069.6969696,Deep subprime
275,2022-12,676513003.5199953,682392684.3434345,Subprime
275,2022-12,7001897388.597263,6755315480.808081,Prime
276,2023-01,1873762510.982423,1665400467.171717,Near-prime
276,2023-01,32078031919.16045,31609490227.27273,Super-prime
276,2023-01,406597032.9908332,370915979.2929293,Deep subprime
276,2023-01,713855693.4186714,649580631.3131313,Subprime
276,2023-01,7302980390.249393,6874085230.303031,Prime
277,2023-02,1785871347.757169,1529948806.565657,Near-prime
277,2023-02,33017252513.96836,30100943111.61617,Super-prime
277,2023-02,459011416.5292978,430111500,Deep subprime
277,2023-02,696956820.838443,611163301.5151515,Subprime
277,2023-02,7259696380.11911,6375149106.565658,Prime
278,2023-03,1815636703.487787,1855077691.414141,Near-prime
278,2023-03,32096224370.23391,33492318114.14142,Super-prime
278,2023-03,409726810.8118834,441521312.6262628,Deep subprime
278,2023-03,708025947.7864876,731990843.9393941,Subprime
278,2023-03,7185389793.898386,7347213612.626262,Prime
279,2023-04,1820167280.685842,1826401277.777778,Near-prime
279,2023-04,32767734138.50731,32544827367.67678,Super-prime
279,2023-04,373524535.4794285,367922491.4141414,Deep subprime
279,2023-04,675511330.0200685,670668500.5050505,Subprime
279,2023-04,7189883164.447516,7144293342.92929,Prime
280,2023-05,1698289036.496989,1805458416.666667,Near-prime
280,2023-05,33982198656.33296,34296073480.30303,Super-prime
280,2023-05,389940750.5188017,392799852.020202,Deep subprime
280,2023-05,665812663.4830347,688867486.3636364,Subprime
280,2023-05,7035512422.477202,7319062889.393944,Prime
281,2023-06,1676870466.573862,1775490874.747475,Near-prime
281,2023-06,31541208236.18527,31829250925.25251,Super-prime
281,2023-06,392994275.6035678,397777646.969697,Deep subprime
281,2023-06,668150869.5891283,703797892.9292932,Subprime
281,2023-06,6840984106.681139,7165260016.161617,Prime
282,2023-07,1715900427.415364,1839797522.222222,Near-prime
282,2023-07,32107762073.69577,34106977418.18182,Super-prime
282,2023-07,389740807.9142519,392511201.5151516,Deep subprime
282,2023-07,634517999.650847,667777289.3939394,Subprime
282,2023-07,6856460298.374457,7307610949.999998,Prime
283,2023-08,1673764428.165639,1758028324.747475,Near-prime
283,2023-08,31437562580.85727,31846410750.00001,Super-prime
283,2023-08,417773200.6371425,436493696.969697,Deep subprime
283,2023-08,656765697.2767267,688524208.0808082,Subprime
283,2023-08,6717543379.598508,7026692547.474748,Prime
284,2023-09,1582013634.516106,1496325370.20202,Near-prime
284,2023-09,30946520748.99396,29178333990.90909,Super-prime
284,2023-09,383877863.6471009,378968587.3737373,Deep subprime
284,2023-09,595545404.3068799,569260240.4040402,Subprime
284,2023-09,6648436195.536325,6405538359.595961,Prime
285,2023-10,1573039348.127205,1534738064.141414,Near-prime
285,2023-10,30498508298.46781,29804499079.29294,Super-prime
285,2023-10,385917971.9492418,389789848.989899,Deep subprime
285,2023-10,590813217.5980277,586685049.4949495,Subprime
285,2023-10,6512471038.352267,6384608770.202019,Prime
286,2023-11,1495812047.558416,1609274202.525253,Near-prime
286,2023-11,31118087294.73866,33435326969.69696,Super-prime
286,2023-11,400774616.0024359,412917453.030303,Deep subprime
286,2023-11,597221982.25862,624133540.9090909,Subprime
286,2023-11,6313159712.342488,6653185088.383838,Prime
287,2023-12,1478867277.672478,1447078821.212121,Near-prime
287,2023-12,30671649379.01509,29225538491.91919,Super-prime
287,2023-12,374489416.1740918,365394570.2020202,Deep subprime
287,2023-12,553871257.5890443,551016290.9090911,Subprime
287,2023-12,6152078331.40044,5888199945.454546,Prime
288,2024-01,1491280913.486303,1318529037.878788,Near-prime
288,2024-01,31749552390.24759,31266193525.75758,Super-prime
288,2024-01,375098275.1436561,342371128.2828283,Deep subprime
288,2024-01,573528680.5427321,520267515.1515152,Subprime
288,2024-01,6169620730.029655,5766269836.363637,Prime
289,2024-02,1503190518.952232,1285488306.060606,Near-prime
289,2024-02,33612941273.84476,30851211516.16163,Super-prime
289,2024-02,406187702.194223,380542098.4848485,Deep subprime
289,2024-02,553938637.7815496,484537915.6565656,Subprime
289,2024-02,6322925753.029436,5557453104.545453,Prime
290,2024-03,1399684516.363758,1426414379.79798,Near-prime
290,2024-03,31665793372.49604,33192707254.0404,Super-prime
290,2024-03,399394508.1559824,433688809.5959597,Deep subprime
290,2024-03,552137495.6422437,570346726.2626263,Subprime
290,2024-03,5954291082.767619,6084228244.949495,Prime
291,2024-04,1367263328.030046,1392138843.939395,Near-prime
291,2024-04,31258135140.25056,31544050263.1313,Super-prime
291,2024-04,437701003.0857648,434532307.0707071,Deep subprime
291,2024-04,558767436.8129065,559800381.8181821,Subprime
291,2024-04,5936011793.917319,5966505968.68687,Prime
292,2024-05,1374564001.475301,1466796654.040404,Near-prime
292,2024-05,31777545574.54465,32339769587.37373,Super-prime
292,2024-05,433861836.9341023,438612656.5656567,Deep subprime
292,2024-05,551189148.1733783,572209910.6060606,Subprime
292,2024-05,5998589015.941848,6274816749.494949,Prime
293,2024-06,1352687817.395921,1438296035.353536,Near-prime
293,2024-06,31414885864.20879,31879283930.30304,Super-prime
293,2024-06,414470639.5058197,418563991.919192,Deep subprime
293,2024-06,546202029.2886571,578042984.3434345,Subprime
293,2024-06,5895757320.969861,6217743401.51515,Prime
294,2024-07,1380468536.860179,1488974105.050505,Near-prime
294,2024-07,30931804709.31717,33055874468.18183,Super-prime
294,2024-07,425450156.2359578,429075577.7777778,Deep subprime
294,2024-07,567064961.6780699,599667480.3030303,Subprime
294,2024-07,5840800140.894895,6262753521.212123,Prime
295,2024-08,1368460796.356967,1438030820.20202,Near-prime
295,2024-08,31441493337.46722,31769622286.36363,Super-prime
295,2024-08,422993498.5994413,443111684.3434344,Deep subprime
295,2024-08,554980437.1798846,583698016.6666667,Subprime
295,2024-08,5800875031.693486,6069174206.565656,Prime
296,2024-09,1361124692.200591,1283009598.989899,Near-prime
296,2024-09,31002648872.57941,28986057060.60606,Super-prime
296,2024-09,435345244.4591502,427686647.979798,Deep subprime
296,2024-09,566172110.6150823,539154144.4444444,Subprime
296,2024-09,5708996009.170231,5481686367.171719,Prime
297,2024-10,1344068491.476119,1307804810.606061,Near-prime
297,2024-10,31311102459.40519,30203509572.22221,Super-prime
297,2024-10,473383923.6624747,477385224.2424241,Deep subprime
297,2024-10,5704756508.870742,5551488927.777773,Prime
297,2024-10,589159684.2669246,586156974.2424242,Subprime
298,2024-11,1421084501.288789,1516681792.576222,Near-prime
298,2024-11,30460188118.91156,32463009177.2335,Super-prime
298,2024-11,437034465.5715902,448759648.0320361,Deep subprime
298,2024-11,555934912.125834,576438784.986832,Subprime
298,2024-11,5882469793.684243,6158054509.69945,Prime
299,2024-12,1486263163.791736,1449521906.405314,Near-prime
299,2024-12,33184399294.57455,31456874540.53045,Super-prime
299,2024-12,457228087.2528769,443052009.6029451,Deep subprime
299,2024-12,598963784.4302658,592047121.3003764,Subprime
299,2024-12,6182236161.426274,5893090412.296836,Prime
300,2025-01,1437533007.577568,1270675514.445389,Near-prime
300,2025-01,32078612287.71012,31732948900.26568,Super-prime
300,2025-01,465431558.3484559,425242362.5410592,Deep subprime
300,2025-01,571087358.8846626,518224610.3476371,Subprime
300,2025-01,5953639778.162272,5565890799.039207,Prime
301,2025-02,1438381825.585115,1230936812.343627,Near-prime
301,2025-02,31625993010.0401,29298843911.60872,Super-prime
301,2025-02,417427038.0830442,392448766.8350794,Deep subprime
301,2025-02,577236096.8773915,504613686.1132339,Subprime
301,2025-02,5993877089.331494,5284186985.032517,Prime
302,2025-03,1441380431.272357,1470452864.517811,Near-prime
302,2025-03,32940672887.98926,34554844230.90738,Super-prime
302,2025-03,516497384.5467085,563770114.7712417,Deep subprime
302,2025-03,575163829.161629,595649054.5655235,Subprime
302,2025-03,6082033132.235832,6218148731.441528,Prime
303,2025-04,1501443614.416699,1539759357.670118,Near-prime
303,2025-04,35307371538.30353,35909728367.28072,Super-prime
303,2025-04,440607863.0797119,437730376.3249411,Deep subprime
303,2025-04,571305207.3927406,574157628.2681725,Subprime
303,2025-04,6310374566.486638,6381795868.613883,Prime
